customer_unique_id,purchase_year_month,gross_sales,net_sales,product_variable_cost,product_contribution,n_canceled_lines,customer_state,n_orders,n_order_lines,n_products,total_freight,total_weight_g,total_volume_cm3,n_delivered_lines,cost_order_handling,cost_distribution,cost_warehousing,cost_returns_waste,cost_to_serve,customer_contribution,breakeven_service_cost,service_cost_headroom,service_cost_intensity,avoidable_order_handling,stranded_order_handling,avoidable_distribution,stranded_distribution,avoidable_warehousing,stranded_warehousing,avoidable_returns_waste,stranded_returns_waste,contrib_passthrough
sample001,2018-02,101.00,101.00,35.35,65.65,0,SP,1,1,1,10.00,1000,10000,1,5.00,7.00,6.00,2.00,20.00,45.65,65.65,45.65,0.198020,4.00,1.00,5.60,1.40,4.80,1.20,1.60,0.40,54.65
sample002,2018-03,102.00,102.00,35.70,66.30,0,SP,1,1,1,10.00,1000,10000,1,5.00,7.00,6.00,2.00,20.00,46.30,66.30,46.30,0.196078,4.00,1.00,5.60,1.40,4.80,1.20,1.60,0.40,55.30
sample003,2018-04,103.00,103.00,36.05,66.95,0,SP,1,1,1,10.00,1000,10000,1,5.00,7.00,6.00,2.00,20.00,46.95,66.95,46.95,0.194175,4.00,1.00,5.60,1.40,4.80,1.20,1.60,0.40,55.95
sample004,2018-05,104.00,104.00,36.40,67.60,0,SP,1,1,1,10.00,1000,10000,1,5.00,7.00,6.00,2.00,20.00,47.60,67.60,47.60,0.192308,4.00,1.00,5.60,1.40,4.80,1.20,1.60,0.40,56.60
sample005,2018-06,105.00,105.00,36.75,68.25,0,SP,1,1,1,10.00,1000,10000,1,5.00,7.00,6.00,2.00,20.00,48.25,68.25,48.25,0.190476,4.00,1.00,5.60,1.40,4.80,1.20,1.60,0.40,57.25
sample006,2018-07,106.00,106.00,37.10,68.90,0,SP,1,1,1,10.00,1000,10000,1,5.00,7.00,6.00,2.00,20.00,48.90,68.90,48.90,0.188679,4.00,1.00,5.60,1.40,4.80,1.20,1.60,0.40,57.90
sample007,2018-08,107.00,107.00,37.45,69.55,0,SP,1,1,1,10.00,1000,10000,1,5.00,7.00,6.00,2.00,20.00,49.55,69.55,49.55,0.186916,4.00,1.00,5.60,1.40,4.80,1.20,1.60,0.40,58.55
sample008,2018-09,108.00,108.00,37.80,70.20,0,SP,1,1,1,10.00,1000,10000,1,5.00,7.00,6.00,2.00,20.00,50.20,70.20,50.20,0.185185,4.00,1.00,5.60,1.40,4.80,1.20,1.60,0.40,59.20
sample009,2018-10,109.00,109.00,38.15,70.85,0,SP,1,1,1,10.00,1000,10000,1,5.00,7.00,6.00,2.00,20.00,50.85,70.85,50.85,0.183486,4.00,1.00,5.60,1.40,4.80,1.20,1.60,0.40,59.85
sample010,2018-11,110.00,110.00,38.50,71.50,0,SP,1,1,1,10.00,1000,10000,1,5.00,7.00,6.00,2.00,20.00,51.50,71.50,51.50,0.181818,4.00,1.00,5.60,1.40,4.80,1.20,1.60,0.40,60.50
sample011,2018-12,111.00,111.00,38.85,72.15,0,SP,1,1,1,10.00,1000,10000,1,5.00,7.00,6.00,2.00,20.00,52.15,72.15,52.15,0.180180,4.00,1.00,5.60,1.40,4.80,1.20,1.60,0.40,61.15
sample012,2018-01,112.00,112.00,39.20,72.80,0,SP,1,1,1,10.00,1000,10000,1,5.00,7.00,6.00,2.00,20.00,52.80,72.80,52.80,0.178571,4.00,1.00,5.60,1.40,4.80,1.20,1.60,0.40,61.80
sample013,2018-02,113.00,113.00,39.55,73.45,0,SP,1,1,1,10.00,1000,10000,1,5.00,7.00,6.00,2.00,20.00,53.45,73.45,53.45,0.176991,4.00,1.00,5.60,1.40,4.80,1.20,1.60,0.40,62.45
sample014,2018-03,114.00,114.00,39.90,74.10,0,SP,1,1,1,10.00,1000,10000,1,5.00,7.00,6.00,2.00,20.00,54.10,74.10,54.10,0.175439,4.00,1.00,5.60,1.40,4.80,1.20,1.60,0.40,63.10
sample015,2018-04,115.00,115.00,40.25,74.75,0,SP,1,1,1,10.00,1000,10000,1,5.00,7.00,6.00,2.00,20.00,54.75,74.75,54.75,0.173913,4.00,1.00,5.60,1.40,4.80,1.20,1.60,0.40,63.75
sample016,2018-05,116.00,116.00,40.60,75.40,0,SP,1,1,1,10.00,1000,10000,1,5.00,7.00,6.00,2.00,20.00,55.40,75.40,55.40,0.172414,4.00,1.00,5.60,1.40,4.80,1.20,1.60,0.40,64.40
sample017,2018-06,117.00,117.00,40.95,76.05,0,SP,1,1,1,10.00,1000,10000,1,5.00,7.00,6.00,2.00,20.00,56.05,76.05,56.05,0.170940,4.00,1.00,5.60,1.40,4.80,1.20,1.60,0.40,65.05
sample018,2018-07,118.00,118.00,41.30,76.70,0,SP,1,1,1,10.00,1000,10000,1,5.00,7.00,6.00,2.00,20.00,56.70,76.70,56.70,0.169492,4.00,1.00,5.60,1.40,4.80,1.20,1.60,0.40,65.70
sample019,2018-08,119.00,119.00,41.65,77.35,0,SP,1,1,1,10.00,1000,10000,1,5.00,7.00,6.00,2.00,20.00,57.35,77.35,57.35,0.168067,4.00,1.00,5.60,1.40,4.80,1.20,1.60,0.40,66.35
sample020,2018-09,120.00,120.00,42.00,78.00,0,SP,1,1,1,10.00,1000,10000,1,5.00,7.00,6.00,2.00,20.00,58.00,78.00,58.00,0.166667,4.00,1.00,5.60,1.40,4.80,1.20,1.60,0.40,67.00
sample021,2018-10,121.00,121.00,42.35,78.65,0,SP,1,1,1,10.00,1000,10000,1,5.00,7.00,6.00,2.00,20.00,58.65,78.65,58.65,0.165289,4.00,1.00,5.60,1.40,4.80,1.20,1.60,0.40,67.65
sample022,2018-11,122.00,122.00,42.70,79.30,0,SP,1,1,1,10.00,1000,10000,1,5.00,7.00,6.00,2.00,20.00,59.30,79.30,59.30,0.163934,4.00,1.00,5.60,1.40,4.80,1.20,1.60,0.40,68.30
sample023,2018-12,123.00,123.00,43.05,79.95,0,SP,1,1,1,10.00,1000,10000,1,5.00,7.00,6.00,2.00,20.00,59.95,79.95,59.95,0.162602,4.00,1.00,5.60,1.40,4.80,1.20,1.60,0.40,68.95
sample024,2018-01,124.00,124.00,43.40,80.60,0,SP,1,1,1,10.00,1000,10000,1,5.00,7.00,6.00,2.00,20.00,60.60,80.60,60.60,0.161290,4.00,1.00,5.60,1.40,4.80,1.20,1.60,0.40,69.60
sample025,2018-02,125.00,125.00,43.75,81.25,0,SP,1,1,1,10.00,1000,10000,1,5.00,7.00,6.00,2.00,20.00,61.25,81.25,61.25,0.160000,4.00,1.00,5.60,1.40,4.80,1.20,1.60,0.40,70.25
sample026,2018-03,126.00,126.00,44.10,81.90,0,SP,1,1,1,10.00,1000,10000,1,5.00,7.00,6.00,2.00,20.00,61.90,81.90,61.90,0.158730,4.00,1.00,5.60,1.40,4.80,1.20,1.60,0.40,70.90
sample027,2018-04,127.00,127.00,44.45,82.55,0,SP,1,1,1,10.00,1000,10000,1,5.00,7.00,6.00,2.00,20.00,62.55,82.55,62.55,0.157480,4.00,1.00,5.60,1.40,4.80,1.20,1.60,0.40,71.55
sample028,2018-05,128.00,128.00,44.80,83.20,0,SP,1,1,1,10.00,1000,10000,1,5.00,7.00,6.00,2.00,20.00,63.20,83.20,63.20,0.156250,4.00,1.00,5.60,1.40,4.80,1.20,1.60,0.40,72.20
sample029,2018-06,129.00,129.00,45.15,83.85,0,SP,1,1,1,10.00,1000,10000,1,5.00,7.00,6.00,2.00,20.00,63.85,83.85,63.85,0.155039,4.00,1.00,5.60,1.40,4.80,1.20,1.60,0.40,72.85
sample030,2018-07,130.00,130.00,45.50,84.50,0,SP,1,1,1,10.00,1000,10000,1,5.00,7.00,6.00,2.00,20.00,64.50,84.50,64.50,0.153846,4.00,1.00,5.60,1.40,4.80,1.20,1.60,0.40,73.50
sample031,2018-08,131.00,131.00,45.85,85.15,0,SP,1,1,1,10.00,1000,10000,1,5.00,7.00,6.00,2.00,20.00,65.15,85.15,65.15,0.152672,4.00,1.00,5.60,1.40,4.80,1.20,1.60,0.40,74.15
sample032,2018-09,132.00,132.00,46.20,85.80,0,SP,1,1,1,10.00,1000,10000,1,5.00,7.00,6.00,2.00,20.00,65.80,85.80,65.80,0.151515,4.00,1.00,5.60,1.40,4.80,1.20,1.60,0.40,74.80
sample033,2018-10,133.00,133.00,46.55,86.45,0,SP,1,1,1,10.00,1000,10000,1,5.00,7.00,6.00,2.00,20.00,66.45,86.45,66.45,0.150376,4.00,1.00,5.60,1.40,4.80,1.20,1.60,0.40,75.45
sample034,2018-11,134.00,134.00,46.90,87.10,0,SP,1,1,1,10.00,1000,10000,1,5.00,7.00,6.00,2.00,20.00,67.10,87.10,67.10,0.149254,4.00,1.00,5.60,1.40,4.80,1.20,1.60,0.40,76.10
sample035,2018-12,135.00,135.00,47.25,87.75,0,SP,1,1,1,10.00,1000,10000,1,5.00,7.00,6.00,2.00,20.00,67.75,87.75,67.75,0.148148,4.00,1.00,5.60,1.40,4.80,1.20,1.60,0.40,76.75
sample036,2018-01,136.00,136.00,47.60,88.40,0,SP,1,1,1,10.00,1000,10000,1,5.00,7.00,6.00,2.00,20.00,68.40,88.40,68.40,0.147059,4.00,1.00,5.60,1.40,4.80,1.20,1.60,0.40,77.40
sample037,2018-02,137.00,137.00,47.95,89.05,0,SP,1,1,1,10.00,1000,10000,1,5.00,7.00,6.00,2.00,20.00,69.05,89.05,69.05,0.145985,4.00,1.00,5.60,1.40,4.80,1.20,1.60,0.40,78.05
sample038,2018-03,138.00,138.00,48.30,89.70,0,SP,1,1,1,10.00,1000,10000,1,5.00,7.00,6.00,2.00,20.00,69.70,89.70,69.70,0.144928,4.00,1.00,5.60,1.40,4.80,1.20,1.60,0.40,78.70
sample039,2018-04,139.00,139.00,48.65,90.35,0,SP,1,1,1,10.00,1000,10000,1,5.00,7.00,6.00,2.00,20.00,70.35,90.35,70.35,0.143885,4.00,1.00,5.60,1.40,4.80,1.20,1.60,0.40,79.35
sample040,2018-05,140.00,140.00,49.00,91.00,0,SP,1,1,1,10.00,1000,10000,1,5.00,7.00,6.00,2.00,20.00,71.00,91.00,71.00,0.142857,4.00,1.00,5.60,1.40,4.80,1.20,1.60,0.40,80.00
sample041,2018-06,141.00,141.00,49.35,91.65,0,SP,1,1,1,10.00,1000,10000,1,5.00,7.00,6.00,2.00,20.00,71.65,91.65,71.65,0.141844,4.00,1.00,5.60,1.40,4.80,1.20,1.60,0.40,80.65
sample042,2018-07,142.00,142.00,49.70,92.30,0,SP,1,1,1,10.00,1000,10000,1,5.00,7.00,6.00,2.00,20.00,72.30,92.30,72.30,0.140845,4.00,1.00,5.60,1.40,4.80,1.20,1.60,0.40,81.30
sample043,2018-08,143.00,143.00,50.05,92.95,0,SP,1,1,1,10.00,1000,10000,1,5.00,7.00,6.00,2.00,20.00,72.95,92.95,72.95,0.139860,4.00,1.00,5.60,1.40,4.80,1.20,1.60,0.40,81.95
sample044,2018-09,144.00,144.00,50.40,93.60,0,SP,1,1,1,10.00,1000,10000,1,5.00,7.00,6.00,2.00,20.00,73.60,93.60,73.60,0.138889,4.00,1.00,5.60,1.40,4.80,1.20,1.60,0.40,82.60
sample045,2018-10,145.00,145.00,50.75,94.25,0,SP,1,1,1,10.00,1000,10000,1,5.00,7.00,6.00,2.00,20.00,74.25,94.25,74.25,0.137931,4.00,1.00,5.60,1.40,4.80,1.20,1.60,0.40,83.25
sample046,2018-11,146.00,146.00,51.10,94.90,0,SP,1,1,1,10.00,1000,10000,1,5.00,7.00,6.00,2.00,20.00,74.90,94.90,74.90,0.136986,4.00,1.00,5.60,1.40,4.80,1.20,1.60,0.40,83.90
sample047,2018-12,147.00,147.00,51.45,95.55,0,SP,1,1,1,10.00,1000,10000,1,5.00,7.00,6.00,2.00,20.00,75.55,95.55,75.55,0.136054,4.00,1.00,5.60,1.40,4.80,1.20,1.60,0.40,84.55
sample048,2018-01,148.00,148.00,51.80,96.20,0,SP,1,1,1,10.00,1000,10000,1,5.00,7.00,6.00,2.00,20.00,76.20,96.20,76.20,0.135135,4.00,1.00,5.60,1.40,4.80,1.20,1.60,0.40,85.20
sample049,2018-02,149.00,149.00,52.15,96.85,0,SP,1,1,1,10.00,1000,10000,1,5.00,7.00,6.00,2.00,20.00,76.85,96.85,76.85,0.134228,4.00,1.00,5.60,1.40,4.80,1.20,1.60,0.40,85.85
sample050,2018-03,150.00,150.00,52.50,97.50,0,SP,1,1,1,10.00,1000,10000,1,5.00,7.00,6.00,2.00,20.00,77.50,97.50,77.50,0.133333,4.00,1.00,5.60,1.40,4.80,1.20,1.60,0.40,86.50
sample051,2018-04,151.00,151.00,52.85,98.15,0,SP,1,1,1,10.00,1000,10000,1,5.00,7.00,6.00,2.00,20.00,78.15,98.15,78.15,0.132450,4.00,1.00,5.60,1.40,4.80,1.20,1.60,0.40,87.15
sample052,2018-05,152.00,152.00,53.20,98.80,0,SP,1,1,1,10.00,1000,10000,1,5.00,7.00,6.00,2.00,20.00,78.80,98.80,78.80,0.131579,4.00,1.00,5.60,1.40,4.80,1.20,1.60,0.40,87.80
sample053,2018-06,153.00,153.00,53.55,99.45,0,SP,1,1,1,10.00,1000,10000,1,5.00,7.00,6.00,2.00,20.00,79.45,99.45,79.45,0.130719,4.00,1.00,5.60,1.40,4.80,1.20,1.60,0.40,88.45
sample054,2018-07,154.00,154.00,53.90,100.10,0,SP,1,1,1,10.00,1000,10000,1,5.00,7.00,6.00,2.00,20.00,80.10,100.10,80.10,0.129870,4.00,1.00,5.60,1.40,4.80,1.20,1.60,0.40,89.10
sample055,2018-08,155.00,155.00,54.25,100.75,0,SP,1,1,1,10.00,1000,10000,1,5.00,7.00,6.00,2.00,20.00,80.75,100.75,80.75,0.129032,4.00,1.00,5.60,1.40,4.80,1.20,1.60,0.40,89.75
sample056,2018-09,156.00,156.00,54.60,101.40,0,SP,1,1,1,10.00,1000,10000,1,5.00,7.00,6.00,2.00,20.00,81.40,101.40,81.40,0.128205,4.00,1.00,5.60,1.40,4.80,1.20,1.60,0.40,90.40
sample057,2018-10,157.00,157.00,54.95,102.05,0,SP,1,1,1,10.00,1000,10000,1,5.00,7.00,6.00,2.00,20.00,82.05,102.05,82.05,0.127389,4.00,1.00,5.60,1.40,4.80,1.20,1.60,0.40,91.05
sample058,2018-11,158.00,158.00,55.30,102.70,0,SP,1,1,1,10.00,1000,10000,1,5.00,7.00,6.00,2.00,20.00,82.70,102.70,82.70,0.126582,4.00,1.00,5.60,1.40,4.80,1.20,1.60,0.40,91.70
sample059,2018-12,159.00,159.00,55.65,103.35,0,SP,1,1,1,10.00,1000,10000,1,5.00,7.00,6.00,2.00,20.00,83.35,103.35,83.35,0.125786,4.00,1.00,5.60,1.40,4.80,1.20,1.60,0.40,92.35
sample060,2018-01,160.00,160.00,56.00,104.00,0,SP,1,1,1,10.00,1000,10000,1,5.00,7.00,6.00,2.00,20.00,84.00,104.00,84.00,0.125000,4.00,1.00,5.60,1.40,4.80,1.20,1.60,0.40,93.00
sample061,2018-02,161.00,161.00,56.35,104.65,0,SP,1,1,1,10.00,1000,10000,1,5.00,7.00,6.00,2.00,20.00,84.65,104.65,84.65,0.124224,4.00,1.00,5.60,1.40,4.80,1.20,1.60,0.40,93.65
sample062,2018-03,162.00,162.00,56.70,105.30,0,SP,1,1,1,10.00,1000,10000,1,5.00,7.00,6.00,2.00,20.00,85.30,105.30,85.30,0.123457,4.00,1.00,5.60,1.40,4.80,1.20,1.60,0.40,94.30
sample063,2018-04,163.00,163.00,57.05,105.95,0,SP,1,1,1,10.00,1000,10000,1,5.00,7.00,6.00,2.00,20.00,85.95,105.95,85.95,0.122699,4.00,1.00,5.60,1.40,4.80,1.20,1.60,0.40,94.95
sample064,2018-05,164.00,164.00,57.40,106.60,0,SP,1,1,1,10.00,1000,10000,1,5.00,7.00,6.00,2.00,20.00,86.60,106.60,86.60,0.121951,4.00,1.00,5.60,1.40,4.80,1.20,1.60,0.40,95.60
sample065,2018-06,165.00,165.00,57.75,107.25,0,SP,1,1,1,10.00,1000,10000,1,5.00,7.00,6.00,2.00,20.00,87.25,107.25,87.25,0.121212,4.00,1.00,5.60,1.40,4.80,1.20,1.60,0.40,96.25
sample066,2018-07,166.00,166.00,58.10,107.90,0,SP,1,1,1,10.00,1000,10000,1,5.00,7.00,6.00,2.00,20.00,87.90,107.90,87.90,0.120482,4.00,1.00,5.60,1.40,4.80,1.20,1.60,0.40,96.90
sample067,2018-08,167.00,167.00,58.45,108.55,0,SP,1,1,1,10.00,1000,10000,1,5.00,7.00,6.00,2.00,20.00,88.55,108.55,88.55,0.119760,4.00,1.00,5.60,1.40,4.80,1.20,1.60,0.40,97.55
sample068,2018-09,168.00,168.00,58.80,109.20,0,SP,1,1,1,10.00,1000,10000,1,5.00,7.00,6.00,2.00,20.00,89.20,109.20,89.20,0.119048,4.00,1.00,5.60,1.40,4.80,1.20,1.60,0.40,98.20
sample069,2018-10,169.00,169.00,59.15,109.85,0,SP,1,1,1,10.00,1000,10000,1,5.00,7.00,6.00,2.00,20.00,89.85,109.85,89.85,0.118343,4.00,1.00,5.60,1.40,4.80,1.20,1.60,0.40,98.85
sample070,2018-11,170.00,170.00,59.50,110.50,0,SP,1,1,1,10.00,1000,10000,1,5.00,7.00,6.00,2.00,20.00,90.50,110.50,90.50,0.117647,4.00,1.00,5.60,1.40,4.80,1.20,1.60,0.40,99.50
sample071,2018-12,171.00,171.00,59.85,111.15,0,SP,1,1,1,10.00,1000,10000,1,5.00,7.00,6.00,2.00,20.00,91.15,111.15,91.15,0.116959,4.00,1.00,5.60,1.40,4.80,1.20,1.60,0.40,100.15
sample072,2018-01,172.00,172.00,60.20,111.80,0,SP,1,1,1,10.00,1000,10000,1,5.00,7.00,6.00,2.00,20.00,91.80,111.80,91.80,0.116279,4.00,1.00,5.60,1.40,4.80,1.20,1.60,0.40,100.80
sample073,2018-02,173.00,173.00,60.55,112.45,0,SP,1,1,1,10.00,1000,10000,1,5.00,7.00,6.00,2.00,20.00,92.45,112.45,92.45,0.115607,4.00,1.00,5.60,1.40,4.80,1.20,1.60,0.40,101.45
sample074,2018-03,174.00,174.00,60.90,113.10,0,SP,1,1,1,10.00,1000,10000,1,5.00,7.00,6.00,2.00,20.00,93.10,113.10,93.10,0.114943,4.00,1.00,5.60,1.40,4.80,1.20,1.60,0.40,102.10
sample075,2018-04,175.00,175.00,61.25,113.75,0,SP,1,1,1,10.00,1000,10000,1,5.00,7.00,6.00,2.00,20.00,93.75,113.75,93.75,0.114286,4.00,1.00,5.60,1.40,4.80,1.20,1.60,0.40,102.75
sample076,2018-05,176.00,176.00,61.60,114.40,0,SP,1,1,1,10.00,1000,10000,1,5.00,7.00,6.00,2.00,20.00,94.40,114.40,94.40,0.113636,4.00,1.00,5.60,1.40,4.80,1.20,1.60,0.40,103.40
sample077,2018-06,177.00,177.00,61.95,115.05,0,SP,1,1,1,10.00,1000,10000,1,5.00,7.00,6.00,2.00,20.00,95.05,115.05,95.05,0.112994,4.00,1.00,5.60,1.40,4.80,1.20,1.60,0.40,104.05
sample078,2018-07,178.00,178.00,62.30,115.70,0,SP,1,1,1,10.00,1000,10000,1,5.00,7.00,6.00,2.00,20.00,95.70,115.70,95.70,0.112360,4.00,1.00,5.60,1.40,4.80,1.20,1.60,0.40,104.70
sample079,2018-08,179.00,179.00,62.65,116.35,0,SP,1,1,1,10.00,1000,10000,1,5.00,7.00,6.00,2.00,20.00,96.35,116.35,96.35,0.111732,4.00,1.00,5.60,1.40,4.80,1.20,1.60,0.40,105.35
sample080,2018-09,180.00,180.00,63.00,117.00,0,SP,1,1,1,10.00,1000,10000,1,5.00,7.00,6.00,2.00,20.00,97.00,117.00,97.00,0.111111,4.00,1.00,5.60,1.40,4.80,1.20,1.60,0.40,106.00
sample081,2018-10,181.00,181.00,63.35,117.65,0,SP,1,1,1,10.00,1000,10000,1,5.00,7.00,6.00,2.00,20.00,97.65,117.65,97.65,0.110497,4.00,1.00,5.60,1.40,4.80,1.20,1.60,0.40,106.65
sample082,2018-11,182.00,182.00,63.70,118.30,0,SP,1,1,1,10.00,1000,10000,1,5.00,7.00,6.00,2.00,20.00,98.30,118.30,98.30,0.109890,4.00,1.00,5.60,1.40,4.80,1.20,1.60,0.40,107.30
sample083,2018-12,183.00,183.00,64.05,118.95,0,SP,1,1,1,10.00,1000,10000,1,5.00,7.00,6.00,2.00,20.00,98.95,118.95,98.95,0.109290,4.00,1.00,5.60,1.40,4.80,1.20,1.60,0.40,107.95
sample084,2018-01,184.00,184.00,64.40,119.60,0,SP,1,1,1,10.00,1000,10000,1,5.00,7.00,6.00,2.00,20.00,99.60,119.60,99.60,0.108696,4.00,1.00,5.60,1.40,4.80,1.20,1.60,0.40,108.60
sample085,2018-02,185.00,185.00,64.75,120.25,0,SP,1,1,1,10.00,1000,10000,1,5.00,7.00,6.00,2.00,20.00,100.25,120.25,100.25,0.108108,4.00,1.00,5.60,1.40,4.80,1.20,1.60,0.40,109.25
sample086,2018-03,186.00,186.00,65.10,120.90,0,SP,1,1,1,10.00,1000,10000,1,5.00,7.00,6.00,2.00,20.00,100.90,120.90,100.90,0.107527,4.00,1.00,5.60,1.40,4.80,1.20,1.60,0.40,109.90
sample087,2018-04,187.00,187.00,65.45,121.55,0,SP,1,1,1,10.00,1000,10000,1,5.00,7.00,6.00,2.00,20.00,101.55,121.55,101.55,0.106952,4.00,1.00,5.60,1.40,4.80,1.20,1.60,0.40,110.55
sample088,2018-05,188.00,188.00,65.80,122.20,0,SP,1,1,1,10.00,1000,10000,1,5.00,7.00,6.00,2.00,20.00,102.20,122.20,102.20,0.106383,4.00,1.00,5.60,1.40,4.80,1.20,1.60,0.40,111.20
sample089,2018-06,189.00,189.00,66.15,122.85,0,SP,1,1,1,10.00,1000,10000,1,5.00,7.00,6.00,2.00,20.00,102.85,122.85,102.85,0.105820,4.00,1.00,5.60,1.40,4.80,1.20,1.60,0.40,111.85
sample090,2018-07,190.00,190.00,66.50,123.50,0,SP,1,1,1,10.00,1000,10000,1,5.00,7.00,6.00,2.00,20.00,103.50,123.50,103.50,0.105263,4.00,1.00,5.60,1.40,4.80,1.20,1.60,0.40,112.50
sample091,2018-08,191.00,191.00,66.85,124.15,0,SP,1,1,1,10.00,1000,10000,1,5.00,7.00,6.00,2.00,20.00,104.15,124.15,104.15,0.104712,4.00,1.00,5.60,1.40,4.80,1.20,1.60,0.40,113.15
sample092,2018-09,192.00,192.00,67.20,124.80,0,SP,1,1,1,10.00,1000,10000,1,5.00,7.00,6.00,2.00,20.00,104.80,124.80,104.80,0.104167,4.00,1.00,5.60,1.40,4.80,1.20,1.60,0.40,113.80
sample093,2018-10,193.00,193.00,67.55,125.45,0,SP,1,1,1,10.00,1000,10000,1,5.00,7.00,6.00,2.00,20.00,105.45,125.45,105.45,0.103627,4.00,1.00,5.60,1.40,4.80,1.20,1.60,0.40,114.45
sample094,2018-11,194.00,194.00,67.90,126.10,0,SP,1,1,1,10.00,1000,10000,1,5.00,7.00,6.00,2.00,20.00,106.10,126.10,106.10,0.103093,4.00,1.00,5.60,1.40,4.80,1.20,1.60,0.40,115.10
sample095,2018-12,195.00,195.00,68.25,126.75,0,SP,1,1,1,10.00,1000,10000,1,5.00,7.00,6.00,2.00,20.00,106.75,126.75,106.75,0.102564,4.00,1.00,5.60,1.40,4.80,1.20,1.60,0.40,115.75
sample096,2018-01,196.00,196.00,68.60,127.40,0,SP,1,1,1,10.00,1000,10000,1,5.00,7.00,6.00,2.00,20.00,107.40,127.40,107.40,0.102041,4.00,1.00,5.60,1.40,4.80,1.20,1.60,0.40,116.40
sample097,2018-02,197.00,197.00,68.95,128.05,0,SP,1,1,1,10.00,1000,10000,1,5.00,7.00,6.00,2.00,20.00,108.05,128.05,108.05,0.101523,4.00,1.00,5.60,1.40,4.80,1.20,1.60,0.40,117.05
sample098,2018-03,198.00,198.00,69.30,128.70,0,SP,1,1,1,10.00,1000,10000,1,5.00,7.00,6.00,2.00,20.00,108.70,128.70,108.70,0.101010,4.00,1.00,5.60,1.40,4.80,1.20,1.60,0.40,117.70
sample099,2018-04,199.00,199.00,69.65,129.35,0,SP,1,1,1,10.00,1000,10000,1,5.00,7.00,6.00,2.00,20.00,109.35,129.35,109.35,0.100503,4.00,1.00,5.60,1.40,4.80,1.20,1.60,0.40,118.35
sample100,2018-05,20.00,20.00,7.00,13.00,1,SP,1,1,1,10.00,1000,10000,1,7.50,10.50,9.00,3.00,30.00,-17.00,13.00,-17.00,1.500000,6.00,1.50,8.40,2.10,7.20,1.80,2.40,0.60,-3.50
