customer_unique_id,purchase_year_month,gross_sales,net_sales,product_variable_cost,product_contribution,n_canceled_lines,customer_state,n_orders,n_order_lines,n_products,total_freight,total_weight_g,total_volume_cm3,n_delivered_lines
00e20792154788aa00f53fbd616a8d91,2018-04,169.83,169.83,59.4405,110.3895,0,PR,1.0,1.0,1.0,16.07,700.0,8694.0,1.0
09cd4e5e5f5a8adaa9e5112197979136,2018-02,159.9,159.9,55.965,103.935,0,SP,1.0,1.0,1.0,12.32,1475.0,31680.0,1.0
0d205c3a77c323684c7e9fa525448110,2018-03,7.9,7.9,2.765,5.135,0,RJ,1.0,1.0,1.0,14.1,200.0,11475.0,1.0
11a8cfcffe73f7ed9c4364cdc871b27b,2018-01,171.57,0.0,0.0,0.0,1,SP,0.0,0.0,0.0,0.0,0.0,0.0,0.0
13067b107e99d6f81d2b3b82204948aa,2017-07,29.5,29.5,10.325,19.175,0,SP,1.0,1.0,1.0,16.11,350.0,15075.0,1.0
14016c4d7be528f22d08f343f2e08219,2018-03,7.78,7.78,2.723,5.057,0,SP,1.0,1.0,1.0,14.1,100.0,900.0,1.0
152e41e668bcc58f2d98dcec34cc5e6f,2017-03,189.9,0.0,0.0,0.0,1,RJ,0.0,0.0,0.0,0.0,0.0,0.0,0.0
17c23f12c872693690933e21c2c0b6b1,2018-07,59.8,59.8,20.93,38.87,0,SP,1.0,2.0,1.0,36.62,900.0,2112.0,2.0
2012b2a91b073059bd14c5ab78911e43,2018-07,34.9,34.9,12.215,22.685,0,SP,1.0,1.0,1.0,16.43,1200.0,3360.0,1.0
28f6c6914757a5933a8d48f60bd119f6,2018-06,149.0,149.0,52.15,96.85,0,SP,1.0,1.0,1.0,36.39,6550.0,27000.0,1.0
