order_id,order_item_id,customer_unique_id,purchase_year_month,gross_sales,net_sales,product_variable_cost,product_contribution,is_canceled,product_weight_g
order001,1,sample001,2018-01,101,101,35.349999999999994,65.65,false,1000
order002,1,sample002,2018-01,102,102,35.699999999999996,66.30000000000001,false,1000
order003,1,sample003,2018-01,103,103,36.05,66.95,false,1000
order004,1,sample004,2018-01,104,104,36.4,67.6,false,1000
order005,1,sample005,2018-01,105,105,36.75,68.25,false,1000
order006,1,sample006,2018-01,106,106,37.099999999999994,68.9,false,1000
order007,1,sample007,2018-01,107,107,37.449999999999996,69.55000000000001,false,1000
order008,1,sample008,2018-01,108,108,37.8,70.2,false,1000
order009,1,sample009,2018-01,109,109,38.15,70.85,false,1000
order010,1,sample010,2018-01,110,110,38.5,71.5,false,1000
order011,1,sample011,2018-01,111,111,38.849999999999994,72.15,false,1000
order012,1,sample012,2018-01,112,112,39.199999999999996,72.80000000000001,false,1000
order013,1,sample013,2018-01,113,113,39.55,73.45,false,1000
order014,1,sample014,2018-01,114,114,39.9,74.1,false,1000
order015,1,sample015,2018-01,115,115,40.25,74.75,false,1000
order016,1,sample016,2018-01,116,116,40.599999999999994,75.4,false,1000
order017,1,sample017,2018-01,117,117,40.949999999999996,76.05000000000001,false,1000
order018,1,sample018,2018-01,118,118,41.3,76.7,false,1000
order019,1,sample019,2018-01,119,119,41.65,77.35,false,1000
order020,1,sample020,2018-01,120,120,42,78,false,1000
order021,1,sample021,2018-01,121,121,42.349999999999994,78.65,false,1000
order022,1,sample022,2018-01,122,122,42.699999999999996,79.30000000000001,false,1000
order023,1,sample023,2018-01,123,123,43.05,79.95,false,1000
order024,1,sample024,2018-01,124,124,43.4,80.6,false,1000
order025,1,sample025,2018-01,125,125,43.75,81.25,false,1000
order026,1,sample026,2018-01,126,126,44.099999999999994,81.9,false,1000
order027,1,sample027,2018-01,127,127,44.449999999999996,82.55000000000001,false,1000
order028,1,sample028,2018-01,128,128,44.8,83.2,false,1000
order029,1,sample029,2018-01,129,129,45.15,83.85,false,1000
order030,1,sample030,2018-01,130,130,45.5,84.5,false,1000
order031,1,sample031,2018-01,131,131,45.849999999999994,85.15,false,1000
order032,1,sample032,2018-01,132,132,46.199999999999996,85.80000000000001,false,1000
order033,1,sample033,2018-01,133,133,46.55,86.45,false,1000
order034,1,sample034,2018-01,134,134,46.9,87.1,false,1000
order035,1,sample035,2018-01,135,135,47.25,87.75,false,1000
order036,1,sample036,2018-01,136,136,47.599999999999994,88.4,false,1000
order037,1,sample037,2018-01,137,137,47.949999999999996,89.05000000000001,false,1000
order038,1,sample038,2018-01,138,138,48.3,89.7,false,1000
order039,1,sample039,2018-01,139,139,48.65,90.35,false,1000
order040,1,sample040,2018-01,140,140,49,91,false,1000
order041,1,sample041,2018-01,141,141,49.349999999999994,91.65,false,1000
order042,1,sample042,2018-01,142,142,49.699999999999996,92.30000000000001,false,1000
order043,1,sample043,2018-01,143,143,50.05,92.95,false,1000
order044,1,sample044,2018-01,144,144,50.4,93.6,false,1000
order045,1,sample045,2018-01,145,145,50.75,94.25,false,1000
order046,1,sample046,2018-01,146,146,51.099999999999994,94.9,false,1000
order047,1,sample047,2018-01,147,147,51.449999999999996,95.55000000000001,false,1000
order048,1,sample048,2018-01,148,148,51.8,96.2,false,1000
order049,1,sample049,2018-01,149,149,52.15,96.85,false,1000
order050,1,sample050,2018-02,150,0,0,0,true,0
order051,1,sample051,2018-02,151,0,0,0,true,0
order052,1,sample052,2018-02,152,0,0,0,true,0
order053,1,sample053,2018-02,153,0,0,0,true,0
order054,1,sample054,2018-02,154,0,0,0,true,0
order055,1,sample055,2018-02,155,0,0,0,true,0
order056,1,sample056,2018-02,156,0,0,0,true,0
order057,1,sample057,2018-02,157,0,0,0,true,0
order058,1,sample058,2018-02,158,0,0,0,true,0
order059,1,sample059,2018-02,159,0,0,0,true,0
order060,1,sample060,2018-02,160,0,0,0,true,0
order061,1,sample061,2018-02,161,0,0,0,true,0
order062,1,sample062,2018-02,162,0,0,0,true,0
order063,1,sample063,2018-02,163,0,0,0,true,0
order064,1,sample064,2018-02,164,0,0,0,true,0
order065,1,sample065,2018-02,165,0,0,0,true,0
order066,1,sample066,2018-02,166,0,0,0,true,0
order067,1,sample067,2018-02,167,0,0,0,true,0
order068,1,sample068,2018-02,168,0,0,0,true,0
order069,1,sample069,2018-02,169,0,0,0,true,0
order070,1,sample070,2018-02,170,0,0,0,true,0
order071,1,sample071,2018-02,171,0,0,0,true,0
order072,1,sample072,2018-02,172,0,0,0,true,0
order073,1,sample073,2018-02,173,0,0,0,true,0
order074,1,sample074,2018-02,174,0,0,0,true,0
order075,1,sample075,2018-02,175,0,0,0,true,0
order076,1,sample076,2018-02,176,0,0,0,true,0
order077,1,sample077,2018-02,177,0,0,0,true,0
order078,1,sample078,2018-02,178,0,0,0,true,0
order079,1,sample079,2018-02,179,0,0,0,true,0
order080,1,sample080,2018-02,180,0,0,0,true,0
order081,1,sample081,2018-02,181,0,0,0,true,0
order082,1,sample082,2018-02,182,0,0,0,true,0
order083,1,sample083,2018-02,183,0,0,0,true,0
order084,1,sample084,2018-02,184,0,0,0,true,0
order085,1,sample085,2018-02,185,0,0,0,true,0
order086,1,sample086,2018-02,186,0,0,0,true,0
order087,1,sample087,2018-02,187,0,0,0,true,0
order088,1,sample088,2018-02,188,0,0,0,true,0
order089,1,sample089,2018-02,189,0,0,0,true,0
order090,1,sample090,2018-02,190,0,0,0,true,0
order091,1,sample091,2018-02,191,0,0,0,true,0
order092,1,sample092,2018-02,192,0,0,0,true,0
order093,1,sample093,2018-02,193,0,0,0,true,0
order094,1,sample094,2018-02,194,0,0,0,true,0
order095,1,sample095,2018-02,195,0,0,0,true,0
order096,1,sample096,2018-02,196,0,0,0,true,0
order097,1,sample097,2018-02,197,0,0,0,true,0
order098,1,sample098,2018-02,198,0,0,0,true,0
order099,1,sample099,2018-02,199,0,0,0,true,0
order100,1,sample100,2018-02,20,0,0,0,true,0
